{"A4-0.5": 438.67563112567933, "A4+0.5": 441.3283671655199, "A4-1": 437.3552485079843, "A4+1": 442.66074469314543, "A4-4": 429.5159948052411, "A4+4": 450.73990803947964, "base_shift_cents": 10.4375, "difficulties": [0.5, 1, 4]}