{"A4-0.5": 439.46025414460115, "A4+0.5": 440.5404087722057, "A4-1": 438.92117039281237, "A4+1": 441.0814812754138, "A4-4": 435.7005266444054, "A4+4": 444.34190036682145, "base_shift_cents": 4.25, "difficulties": [0.5, 1, 4]}