{"A4-0.5": 439.11928603619225, "A4+0.5": 440.8824803564731, "A4-1": 438.2403349293982, "A4+1": 441.7667306483542, "A4-4": 433.00345117935996, "A4+4": 447.109600333893, "base_shift_cents": 6.9375, "difficulties": [0.5, 1, 4]}