{"A4-0.5": 439.24612697479597, "A4+0.5": 440.75516688871977, "A4-1": 438.4935455962696, "A4+1": 441.5116298615982, "A4-4": 434.00505824015727, "A4+4": 446.0777503032492, "base_shift_cents": 5.9375, "difficulties": [0.5, 1, 4]}