{"A4-0.5": 439.40472967202686, "A4+0.5": 440.5960767525276, "A4-1": 438.8102646776068, "A4+1": 441.1929610220891, "A4-4": 435.2603258053492, "A4+4": 444.7912858627482, "base_shift_cents": 4.6875, "difficulties": [0.5, 1, 4]}