{"A4-0.5": 438.8815579913895, "A4+0.5": 441.12129223665914, "A4-1": 437.7659589657941, "A4+1": 442.2454419648637, "A4-4": 431.1316640482153, "A4+4": 449.050756750608, "base_shift_cents": 8.8125, "difficulties": [0.5, 1, 4]}