{"A4-0.5": 438.99248172539853, "A4+0.5": 441.00983059910794, "A4-1": 437.98727048050995, "A4+1": 442.0219788296679, "A4-4": 432.0041556508484, "A4+4": 448.14383720065445, "base_shift_cents": 7.9375, "difficulties": [0.5, 1, 4]}