{"A4-1": 438.27197826472906, "A4+1": 441.7348349911158, "A4-1.5": 437.41051400209744, "A4+1.5": 442.60481584828034, "A4-4": 433.1285255405023, "A4+4": 446.98048866304987, "base_shift_cents": 6.8125, "difficulties": [1, 1.5, 4]}