{"A4-1": 436.8345170161583, "A4+1": 443.1884213784297, "A4-1.5": 435.2603258053492, "A4+1.5": 444.7912858627482, "A4-4": 427.47405410758654, "A4+4": 452.8929841231365, "base_shift_cents": 12.5, "difficulties": [1, 1.5, 4]}