{"A4-0.5": 439.2540557498579, "A4+0.5": 440.7472110177838, "A4-1": 438.50937611977116, "A4+1": 441.4956909544428, "A4-4": 434.067735553542, "A4+4": 446.01333880094285, "base_shift_cents": 5.875, "difficulties": [0.5, 1, 4]}