{"A4-0.5": 438.5568711194465, "A4+0.5": 441.44787768533354, "A4-1": 437.11847546836094, "A4+1": 442.9005198020118, "A4-4": 428.5866335787788, "A4+4": 451.71730714839066, "base_shift_cents": 11.375, "difficulties": [0.5, 1, 4]}