{"A4-1": 432.81590735502994, "A4+1": 447.30333777033275, "A4-1.5": 429.26796827767015, "A4+1.5": 451.00034082853034, "A4-4": 411.9597888711766, "A4+4": 469.9487795410547, "base_shift_cents": 28.5, "difficulties": [1, 1.5, 4]}