{"A4-0.5": 439.468186784845, "A4+0.5": 440.53245677777073, "A4-1": 438.9370163544532, "A4+1": 441.065557896951, "A4-4": 435.7634488107071, "A4+4": 444.27773951297746, "base_shift_cents": 4.1875, "difficulties": [0.5, 1, 4]}