{"A4-0.5": 438.10587624044115, "A4+0.5": 441.90231288691615, "A4-1": 436.21990635546535, "A4+1": 443.81285030637713, "A4-4": 425.07336329580636, "A4+4": 455.45079206780304, "base_shift_cents": 14.9375, "difficulties": [0.5, 1, 4]}