{"A4-0.5": 437.4657864797208, "A4+0.5": 442.5488940698555, "A4-1": 434.9461689552743, "A4+1": 445.1125537328459, "A4-4": 420.1303057205833, "A4+4": 460.80941404107574, "base_shift_cents": 20.0, "difficulties": [0.5, 1, 4]}