{"A4-0.5": 439.01625474415016, "A4+0.5": 440.9859496269134, "A4-1": 438.03470893086495, "A4+1": 441.9741085644332, "A4-4": 432.19134773436576, "A4+4": 447.94973572444303, "base_shift_cents": 7.75, "difficulties": [0.5, 1, 4]}