{"A4-1": 438.6518765519205, "A4+1": 441.3522666808534, "A4-1.5": 437.97936457161245, "A4+1.5": 442.02995771127286, "A4-4": 434.6322388534707, "A4+4": 445.43405365120447, "base_shift_cents": 5.3125, "difficulties": [1, 1.5, 4]}