{"A4-1": 438.87363594011504, "A4+1": 441.1292548600869, "A4-1.5": 438.3115356469414, "A4+1.5": 441.6949686579643, "A4-4": 435.51181465421917, "A4+4": 444.534438528864, "base_shift_cents": 4.4375, "difficulties": [1, 1.5, 4]}