{"A4-0.5": 439.6348053110824, "A4+0.5": 440.3654980478855, "A4-1": 439.26991372934845, "A4+1": 440.7312997067325, "A4-4": 437.0869154161912, "A4+4": 442.9324996280326, "base_shift_cents": 2.875, "difficulties": [0.5, 1, 4]}