{"A4-0.5": 434.765631451434, "A4+0.5": 445.29738782175633, "A4-1": 429.59353248037314, "A4+1": 450.65855363836283, "A4-4": 399.82772730380015, "A4+4": 484.2085397766758, "base_shift_cents": 41.4375, "difficulties": [0.5, 1, 4]}