{"A4-0.5": 438.7469025656071, "A4+0.5": 441.2566763842861, "A4-1": 437.49737388844164, "A4+1": 442.51694194024225, "A4-4": 430.0745785850987, "A4+4": 450.15448398955397, "base_shift_cents": 9.875, "difficulties": [0.5, 1, 4]}