{"A4-0.5": 437.41051400209744, "A4+0.5": 442.60481584828034, "A4-1": 434.836267635407, "A4+1": 445.225052300205, "A4-4": 419.70583592589315, "A4+4": 461.2754539686307, "base_shift_cents": 20.4375, "difficulties": [0.5, 1, 4]}