{"A4-1": 433.4883156099765, "A4+1": 446.60950025280084, "A4-1.5": 430.26870114647227, "A4+1.5": 449.95138964127113, "A4-4": 414.5257883710038, "A4+4": 467.03970037860825, "base_shift_cents": 25.8125, "difficulties": [1, 1.5, 4]}