{"A4-0.5": 439.35714285064194, "A4+0.5": 440.64379776298233, "A4-1": 438.715224940635, "A4+1": 441.28853751587286, "A4-4": 434.8833648002907, "A4+4": 445.1768351472951, "base_shift_cents": 5.0625, "difficulties": [0.5, 1, 4]}