{"A4-1": 438.9845576718903, "A4+1": 441.017791210556, "A4-1.5": 438.4777156442618, "A4+1.5": 441.52756934418125, "A4-4": 435.95226983670085, "A4+4": 444.0853125332247, "base_shift_cents": 4.0, "difficulties": [1, 1.5, 4]}