{"A4-1": 438.03470893086495, "A4+1": 441.9741085644332, "A4-1.5": 437.0553576426643, "A4+1.5": 442.9644817631706, "A4-4": 432.19134773436576, "A4+4": 447.94973572444303, "base_shift_cents": 7.75, "difficulties": [1, 1.5, 4]}