{"A4-0.5": 438.7706622853657, "A4+0.5": 441.23278204523007, "A4-1": 437.54475927804185, "A4+1": 442.4690180713034, "A4-4": 430.2609345619572, "A4+4": 449.9595116556457, "base_shift_cents": 9.6875, "difficulties": [0.5, 1, 4]}