{"A4-1": 438.5727039291305, "A4+1": 441.4319410796803, "A4-1.5": 437.8607930614218, "A4+1.5": 442.1496582198954, "A4-4": 434.3185353362788, "A4+4": 445.75578578542996, "base_shift_cents": 5.625, "difficulties": [1, 1.5, 4]}