{"A4-0.5": 435.1110730185106, "A4+0.5": 444.9438591781456, "A4-1": 430.27646787118107, "A4+1": 449.94326777350324, "A4-4": 402.3762602942411, "A4+4": 481.1417051752217, "base_shift_cents": 38.6875, "difficulties": [0.5, 1, 4]}