{"A4-1": 437.75015528021976, "A4+1": 442.2614079395806, "A4-1.5": 436.6295506390454, "A4+1.5": 443.3964666767275, "A4-4": 431.06941068957036, "A4+4": 449.1156069049372, "base_shift_cents": 8.875, "difficulties": [1, 1.5, 4]}