{"A4-0.5": 437.9635531819325, "A4+0.5": 442.0459159065628, "A4-1": 435.93653162668966, "A4+1": 444.10134493107273, "A4-4": 423.96990401662976, "A4+4": 456.63618612043336, "base_shift_cents": 16.0625, "difficulties": [0.5, 1, 4]}