{"A4-1": 438.366921980307, "A4+1": 441.63916183597723, "A4-1.5": 437.55265734193546, "A4+1.5": 442.46103126441966, "A4-4": 433.5039654343282, "A4+4": 446.59337730862944, "base_shift_cents": 6.4375, "difficulties": [1, 1.5, 4]}