{"A4-0.5": 436.03096940989593, "A4+0.5": 444.00515922529365, "A4-1": 432.09774155575826, "A4+1": 448.0467759515417, "A4-4": 409.2323486209272, "A4+4": 473.0808809528694, "base_shift_cents": 31.375, "difficulties": [0.5, 1, 4]}