{"A4-0.5": 439.03210413853276, "A4+0.5": 440.9700296972159, "A4-1": 438.06633741888055, "A4+1": 441.9421979344626, "A4-4": 432.31618751696305, "A4+4": 447.8203814480197, "base_shift_cents": 7.625, "difficulties": [0.5, 1, 4]}