{"A4-0.5": 439.15099283657275, "A4+0.5": 440.8506485423045, "A4-1": 438.30362388488084, "A4+1": 441.702941636751, "A4-4": 433.2536360297535, "A4+4": 446.85141427573524, "base_shift_cents": 6.6875, "difficulties": [0.5, 1, 4]}