{"A4-0.5": 438.715224940635, "A4+0.5": 441.28853751587286, "A4-1": 437.43420135161807, "A4+1": 442.5808485065862, "A4-4": 429.82622950005157, "A4+4": 450.41457852673176, "base_shift_cents": 10.125, "difficulties": [0.5, 1, 4]}