{"A4-1": 438.1928742100803, "A4+1": 441.81457845246354, "A4-1.5": 437.2920964933886, "A4+1.5": 442.72467202692064, "A4-4": 432.81590735502994, "A4+4": 447.30333777033275, "base_shift_cents": 7.125, "difficulties": [1, 1.5, 4]}