{"A4-1": 439.3174911029375, "A4+1": 440.6835692199588, "A4-1.5": 438.9766337614155, "A4+1.5": 441.0257519657001, "A4-4": 437.2763099146115, "A4+4": 442.74065530283355, "base_shift_cents": 2.6875, "difficulties": [1, 1.5, 4]}