{"A4-0.5": 438.34318412335125, "A4+0.5": 441.6630781819578, "A4-1": 436.69260697135957, "A4+1": 443.33244233900496, "A4-4": 426.9188479065597, "A4+4": 453.48196958119195, "base_shift_cents": 13.0625, "difficulties": [0.5, 1, 4]}