{"A4-0.5": 437.4815798989937, "A4+0.5": 442.53291771666966, "A4-1": 434.97757443390816, "A4+1": 445.0804165064289, "A4-4": 420.2516616345867, "A4+4": 460.67634628018976, "base_shift_cents": 19.875, "difficulties": [0.5, 1, 4]}