{"A4-0.5": 439.5475210632185, "A4+0.5": 440.4529447275741, "A4-1": 439.0955074382284, "A4+1": 440.90635572543516, "A4-4": 436.39317047384367, "A4+4": 443.6366403025638, "base_shift_cents": 3.5625, "difficulties": [0.5, 1, 4]}